{"version":2,"hash":{"type":"Buffer","data":"q1j1ahghBwGxGM6zRY1JjvCDCS+bD4Orepcx/UqgbDnQ1VkfDladDEC0z5rHmRv8TPzFAH4aZLFboM+YMYR4nC4qogWAEnj19c4xFEU4R7B1kQFHS3aJzwIfGizYjtpMiNxga052IX3Sxv1d+34YPLk3dJpiS7eguCZSFh2eI0o="},"indexValueMap":{"Bol8m11WSrjpV3USs8KTqEkCT8Hc+v055DsVrCjklyk=":{"valueMac":{"type":"Buffer","data":"nTNHGCqsRyvslG4deKTCuMuWSwkDsQE9cRyCYdJXLzk="}},"8msbzZFnCnLORy7P21aTBGOhbvIwK/DrI62Yb+nnZTM=":{"valueMac":{"type":"Buffer","data":"EFcsb4vsFZ3ZkNGw+lugznihDoQfcCiAeTClGEbR6+8="}},"bVJr8kcdNxX2Wr8m3yT6Y3m2ThuwaA66TmehwkbL8Aw=":{"valueMac":{"type":"Buffer","data":"FURtixqMYl2/4dEoKJycSumig6yYQHL+9Y/Z5LxCbFI="}},"KQCvac9i5XofosfL9eDDAR/LVs4EXKnNkBmgCFtZzDQ=":{"valueMac":{"type":"Buffer","data":"F90GWpRQ6mDHZvz+o29K1xICB09UfuO892UPv10I4iM="}},"uOmUJdg82eNK3LyfCX2jwJFB4SF2wsf/oUm5r85pimA=":{"valueMac":{"type":"Buffer","data":"OVJ2jhOnVsFUgeQq0AlNtk9lNLIClIA/PuRCvQRo7oA="}},"HhNzbeDBwdHMF9ZswjHgoIW1QcAWxegZhr9tmmch0i0=":{"valueMac":{"type":"Buffer","data":"CvRL6i6asBZslLIcp9QZeAGCpWp1LaOPGF8hDylG7qI="}}}}