{"version":1,"hash":{"type":"Buffer","data":"50gPTwWWGAaWwWhY+TfNwQ+195R2sN0Lmu2D7I9jHkyYZYYn9baR2GX6EUpNgYaper0dG+oC1o1lpbOQiOxwM0BvLsk288LV38arG+qlWKljf/s+7cNUZb155j2iGdNHmIabPxRtJMZxO0JQZ6DUrxylyzG1WgLvFOw7lnNl52M="},"indexValueMap":{"1pD0uLngHU8Jv8r8U/BO8gNdgIhRHpl79wCph1w5DKk=":{"valueMac":{"type":"Buffer","data":"/kd1SYcvgoLhPnBRcN1OYRbDaIO3Q+qalZsAsyjcJ4M="}},"oar1ITh1dzXMcB0tv4Z8S31rdnxf+9JXDJPYHYdGfEg=":{"valueMac":{"type":"Buffer","data":"+QGvmLMVkLGebPXlOx0YQVAjp9qMt4cl1GBXFeR6b0A="}},"FL5f1iOENVjry1RMOU15H00KwCoWdj64oiVZ7jqR3ew=":{"valueMac":{"type":"Buffer","data":"Ubr1nKYu4AsfXr4be11Jvy+naTlfg1ok3KKl45XJ2uI="}},"Zkszs1cQSEQ8tjNRLksYA8lvQ4zbWRH01i2MhOC8PpY=":{"valueMac":{"type":"Buffer","data":"YXVQQQIgTHJK9mpg1xNrrgzlGVfcgHTPHZbnCSXtsBA="}},"SkNp9GX64a9/Yp60G52Uyn8D08GcASG0pT5+ewLDnYI=":{"valueMac":{"type":"Buffer","data":"8uvY/zI7i3kRna1JQ6IH0GrykapKVEf3PXx21iyGmYw="}},"rzAGrT2wpAWzikpTQtGCJYFCjFNXMishGDs6DqYuQi4=":{"valueMac":{"type":"Buffer","data":"zb9xMOsCszXtKms2cikb6YNJDHJeBrMKx6/l9FIw8BM="}},"/X5AWWnOYwgA4lq7gez5P3j365knJ2XqYq6GlkOIsa0=":{"valueMac":{"type":"Buffer","data":"q6QhGVJYoQGGAsYb043ELHVMT0khJE8pGl1RnEQIIeE="}},"WOUa1/ytQZN6Yn5XA6tjADQFZmWR52ozdIcxTRneHfA=":{"valueMac":{"type":"Buffer","data":"Llfav5ugJhRSaQAygP+sMrqovGIIoDtQ8moXLKZ7XRQ="}},"Qa9mwx8zK05AmI0pYqYOd344JEjzZQUh/7PwHYrDXJo=":{"valueMac":{"type":"Buffer","data":"EW8KwWCX31VEHUrGrm5Hq1DG9Cy9fUP5G/Gd08V+v9g="}},"QLJJrhCf30Tw1PPeIDYFqSx6IOr58GwpAPJEax5K/ok=":{"valueMac":{"type":"Buffer","data":"DHwMNQjFE6Xqvwn+7RWL6fTgGh3kIy/XSYwXKkE3XOM="}},"Sc9viBR1pIu03T7ZaJFM/ZQE9xE/fuOiE+l+7FPkelQ=":{"valueMac":{"type":"Buffer","data":"RjV4qal8nLSZYIjn8jRjTZmZBOISw+IzTkAqfa4vOi0="}},"xg+xNJeKEtZURUbTnYR//O1UR3jbPRvDo8jiwaQ+S1k=":{"valueMac":{"type":"Buffer","data":"s8iaVaaOAYl1Nx1fVuq58LdhO3Qu00rViwqla8TTExc="}},"h3yqzGG3bI+WAUqU66Qlsqn5dMyX/tdxLaE/R9DBcPU=":{"valueMac":{"type":"Buffer","data":"nw+hMWUEKtc2fHQdKveBY2qCvfGll9leeI1V4jTHCvA="}},"j3lr6RRVMGa/MJvyUjCu6FuePyfkMsgm67d8O/IeyaM=":{"valueMac":{"type":"Buffer","data":"mVD5yj6S2EejjfxHQqWuPidGs6P4KVDQHyFpoY+EG1w="}},"qkipzBmHHzaFWvVKDn5krUUlvTwqhhYJnrw7j1sVH04=":{"valueMac":{"type":"Buffer","data":"co5DXkV5UajoULoQJzR6itWISjBWqaovPl8Mc6S1Xas="}},"sTW6xNjpZf4Lx9y1WZB3swhxP+LP6EIksyngvjBfg0Y=":{"valueMac":{"type":"Buffer","data":"QS7sg5JCxRAHt3VMbpHVpq8Pt3bCYABh0t2kLWXRzMs="}},"EwAnAex5dXP5xX5R7O7F+LVVZgEu37lxXFoz1/4AfMI=":{"valueMac":{"type":"Buffer","data":"rpeoV1q5PDNrUJZxwYIWg345+yVSXXWmIf/mpRHLAtM="}},"zcPuLk/d9lGzMjLcRtCTEJ9BGg/HaSupY9pybDFQ2DA=":{"valueMac":{"type":"Buffer","data":"a3qDhF67eTp2Lt0EXtbl+iWdHNt0b9kb7Bxrue9W0XE="}},"svkQtRSiOFuwP/Y/q8vLtf9OipWyJhpp03dVqDrqodQ=":{"valueMac":{"type":"Buffer","data":"5kZOHGaMXaZyFP50iideXfXZF41S3Fbo44F9Caus9+4="}},"8FIjfzgRAV2bqiXxreZhkg0dORZihn+e8nSi/QlArVg=":{"valueMac":{"type":"Buffer","data":"quTybuqSreiL+QF4SAgFbGpP/B0ooEXaiHi6FZ3kLyo="}},"EiROUoFMkZ6buJi+Zc+fEKDcE9JGTtIscRG9kdx39/I=":{"valueMac":{"type":"Buffer","data":"7kdQKWbcV/zZJWvn13W+QBdwmER/lb9Xn3SNPoTlkpE="}},"gfJEbpQOLnm2zRqBpd2yX2/lU6UsUXimt8iQ2ZyanA8=":{"valueMac":{"type":"Buffer","data":"xG1ZBKF8klM/arjV2hCk+sv+QUSstfp0elx9eXrQxus="}},"bZ4eWCQJThS2MgsknyWvPZpW0dcsxXehQR46/QT2XzI=":{"valueMac":{"type":"Buffer","data":"650/YpXm0wsotlUh6m7KCnC6K7ranI0rHantqtvT7Q0="}},"IWnNKVGtjlKoOJDxKyQ19jbYor8JAtB8WgjKWo14jjM=":{"valueMac":{"type":"Buffer","data":"gQ5oPnsqWGrsJUiBVCPVMXf+5sDOrFrmYoWayC9yG6Y="}},"3Fan5k/HpkJtP6HDcW8Okr1z8biran4UJjqHg2zyp1o=":{"valueMac":{"type":"Buffer","data":"2xGZmBoEOlVDALHk//qSAtSHhop0buMK2VWiqXuC8rc="}},"XjCQb2MiT1YcRAAJSjRh4dznUoObsJiuc8dIKNUmq/0=":{"valueMac":{"type":"Buffer","data":"qrik3rDWmDxi1trSjXnw1SjYwjwdC54gqN4o41QKzkU="}},"M1WAeW7RPD7GGUwmSjsFv8et+fPPVhwosFQMMzuh6EQ=":{"valueMac":{"type":"Buffer","data":"lRE50MyGyGybgu5b6X0/N5ZyvvK877XYDlwx4/AWh/U="}},"bXPE1BuCs/rnWsI8UkSzV6kMzCYiHhN1+rZCTxuLk5I=":{"valueMac":{"type":"Buffer","data":"iAwGJWBjEEiIZMnoPq8bZTHFfDhfaIp15UloTl2pPAM="}},"Ad1cfH0iQv05cWFwDTE8/BfN6cR++/LgWOLuztadN/k=":{"valueMac":{"type":"Buffer","data":"so/YySwUHbYz7jUHuIHqF/CEZmZ2WBDxgGeha9wfcmU="}},"rBFS/lecK9Bj1a/QR+PBbzAUiFB43iCiOIf28gYKYc0=":{"valueMac":{"type":"Buffer","data":"q/n12ZV+dosHcYd13z/BbowWXLXQ57ZiWDGUdMP/cIc="}},"RZHZMqpK6TOYAuF5Kp3/iKlmX996NLAOMY7Tj+lo150=":{"valueMac":{"type":"Buffer","data":"jETnljmbzdwGl1xvrMdlY6x7gQQemhTQf8+c714sTOY="}},"df4IDjE/woTwUYwKoEa5yU1ASqfj2lOAI2rRKx9KtCQ=":{"valueMac":{"type":"Buffer","data":"aaxolg1bH0QHpMACljZSTWwivWxoXnWw7mXZtvdXqtY="}},"YTYZ4UqhkXw4xQPwGLZ+F/5NGRag65A9kD7c4Lv+Tp0=":{"valueMac":{"type":"Buffer","data":"aZraxf0IFXe5wNXTNugZjAvnqUQ2ztcc09KwbOY61Rw="}},"fUXUNeeoAp0KM5RCREt7WItDplM8b7Zgs1sZUJLEALA=":{"valueMac":{"type":"Buffer","data":"d2kn2layVM/8HuINBjkfR0GCynedQPmzObG3c1E44ec="}},"6UM3N0gh/yd+f4sloEe1ZDsRlcN89mUuQksch7PNqhM=":{"valueMac":{"type":"Buffer","data":"Ji7TaFw2redp1d47wu+ny6v8JTYo9QrB9A0v/7+rTAo="}},"PJ0YNXz/MAMVfyV+TabGQnataS6PMKRLnhfSPJPbDdo=":{"valueMac":{"type":"Buffer","data":"JgsMoLgW41CwxWdrpXjoJahdH+JYpx7ruuWU6fYRNdQ="}},"pJ78FoBSTzH94uVSJ8780LlFxU/1ZDScBeNA2AALRSU=":{"valueMac":{"type":"Buffer","data":"Ea9FFwiMrOPXOh29GrSO9+Qppdnv8iFo6rzdKPnAPxQ="}},"AfUHqnR0oki0SkylTI3xMXFHbD25khX7IuJDQ/6xMM8=":{"valueMac":{"type":"Buffer","data":"dEDsgDZTBR9cr4r06TmKAekSKyoC2GRNQUQM8msqeSs="}},"0Ba2g71aKS19jzYP8PmTcCYExt8X5drgcMRp8TPeF98=":{"valueMac":{"type":"Buffer","data":"Ii28FfEZsS2hcQMFvh3uLNr+EKR/Z8AIfqpxdxjUNLA="}},"h4x0m++HB573uMum1UeigWi50oAipsxarR/savBim/A=":{"valueMac":{"type":"Buffer","data":"4gZ9VYowpGcpDwY2y4MOoBbTI+lSMYeYsLNW4jeJh4Q="}},"D4JaGD9AO5pdq5kv6lXII0tn6pJIicexxcWs9hrXC4g=":{"valueMac":{"type":"Buffer","data":"1CYkbYDLvES22ZQVB+XCwsO4CcTPGOgrPOE9gVnVxQ4="}},"4Q0/R9tIdmT/a2XPwKfWcHILQtgZ/49I53HkYBekVCQ=":{"valueMac":{"type":"Buffer","data":"mE8H2/50m+kbxOZ2dAcKngIbRnuBGms+Qs/sToRZV20="}},"rMNUNulR8XdaCjNVeuPu+S8KCIkudN6MpO0h99bFBRc=":{"valueMac":{"type":"Buffer","data":"58UBaxX9IANKViwDtb6CjC52Dh1r9tKx/kJKx9wCQKM="}},"GZKPKLqE0rXm5JIOd2LWxWqAnVcOo4JPYhsUlPugXc8=":{"valueMac":{"type":"Buffer","data":"3z+zUxWKdwj214t0SDhGHFpjF4q8RQ9K2NvE7qc4EgA="}},"tznaNSAFcuwh74kb7JTXxFJNZh3IRJQPi9Pp5os/W9M=":{"valueMac":{"type":"Buffer","data":"IaSfP7AwMso1zoZ2ODtKp4cu1VXOnoxBPyI+DAwAuUE="}}}}