{"version":1,"hash":{"type":"Buffer","data":"tL9f4qPF6g87UCDkpjqmmvWMy8X4OmBAf/wbuO31jx5aCtmzg+JGvKlmN6ilF2ONY+y+uaQqHANEa+dhKhJc3H/2eNtFVU8eNBoA2ZbF5ZEVAmTFDHDliospuQN5UHgD2paXk00zAPV8S2tvQSBFUhYLPxnT7O98fdSmHHr0f7Y="},"indexValueMap":{"vxASzesALrQz4J+z1lZvQ3JOYJRy805vXF636ibXQOc=":{"valueMac":{"type":"Buffer","data":"0d/4N1iUO1dG0H0vVnOc58XjnPunhuGZ8liNZsFzgKw="}},"wZEYBKRooyB1/lAPhKFiYfx01pRy4f/Eg1wgCdNA3cc=":{"valueMac":{"type":"Buffer","data":"s5ddpryYbT1YfYFsvlObwYEdn7hk6kdQL2BjSqTRzqs="}}}}