{"version":1,"hash":{"type":"Buffer","data":"mqVMC14ib3t8F77h+0wPHWU+o8tkkGJFi2DgoHCm8XEYg05H/uX8G3jcNLPGoxO4XiG1Vypro2uw8+qdaEcPeg7jZiN1MvNps8S+UeEdSJnzZ/5iqUBgEmCzxtZrwi1/FxSBTFSuO49y5MAmy5JTjA5pIBzJ/OYUop2h70qIv1k="},"indexValueMap":{"GbxKSRlKeiRju3AtfBazqqU8pNImLEb4kxVT+rrwGRI=":{"valueMac":{"type":"Buffer","data":"u0BbpF4Ojdshw1XJn/ZforYI01sUqadjeNTCgHcJL8Q="}},"bu/rP+OJmm6QVhdZKNx0YF8+YjPMfOzmahkZKFpk8bA=":{"valueMac":{"type":"Buffer","data":"G0P7L4vVUnlteJOkd8REzLeeHeS5jB2ajucN3rJIek0="}},"1TuC5thc8AfXpxaJUsf3Ugv1hAjUmWx7KUsTr4BRaLw=":{"valueMac":{"type":"Buffer","data":"r8/KX+kE8WeprdpoIAh8yN6FxX2RnnkJzcyw0cQH7eQ="}},"/bfOY7NgIuu0ilDq9btTVmR6SMHs10aks/pgK4ppCu0=":{"valueMac":{"type":"Buffer","data":"UPFLuFuVPrffZUtKwMt86rDWzQHlnOMAee8YL7dygpE="}},"pdLf/ChMkR79At7MfIBlqsMOc8Lfv/aBVAHnzp1HHaE=":{"valueMac":{"type":"Buffer","data":"KqwxaWR5nU0JqdvrUjTH0Bs9TuQhFcp7CwD3omJu8qk="}},"wnN6GRSG693gLduQA8EDfV0hl0Q1ATbDSAvEXDBBmRM=":{"valueMac":{"type":"Buffer","data":"jdmb3XIYknB4wn7tXgI5ca4Gjr8/bKLuoCFmT2ObSlY="}}}}