{"noiseKey":{"private":{"type":"Buffer","data":"eJyqvr8TfG5k58w3Fda7FF0pNknrR3FKHlQrv/D0bWA="},"public":{"type":"Buffer","data":"3gl+I4y9kdSHZs4dsBHrzB8zlsLUqTgD5E2Y2gwPnGo="}},"pairingEphemeralKeyPair":{"private":{"type":"Buffer","data":"QDGEiUjwHSjJZzKYHlt6XTsp+8cDf1qmZ4iEJXgk328="},"public":{"type":"Buffer","data":"HpuFOtRddsh7qWd4F37LpMqQDqKooJAdV6+6NcDoRCc="}},"signedIdentityKey":{"private":{"type":"Buffer","data":"4KtcJ4Mz2OhPnJ5h/pP0MnGZ7WD7KF6iLp9TN1tqY0U="},"public":{"type":"Buffer","data":"AfW/FDAb67dNifUhFgwR8VeMa4SzWvfB9jGKYAvs1CE="}},"signedPreKey":{"keyPair":{"private":{"type":"Buffer","data":"kNiNuaD6zPCFx+qK5ViOcsMJ9ZQ1IowC2L2+SgAJ+mo="},"public":{"type":"Buffer","data":"35+7GJ/o/rIp7FVLcrX9jxfaBJmOt8GjEzV/ezURlB4="}},"signature":{"type":"Buffer","data":"AOZ+7Ql2om0/gWogH05srCcZJQr8zzA3mq9ybuFUr3tyKkx4HWlQOae7vMlKOw05ARzTdhR52PBiO3raX7jSiA=="},"keyId":1},"registrationId":127,"advSecretKey":"m5kmI22R9ZWRwCmuSq6i/AlvidqVG+/ObwLVJRVIqLk=","processedHistoryMessages":[{"key":{"remoteJid":"6285954617963@s.whatsapp.net","fromMe":true,"id":"00DA06B3E17EE5109C7B61A37B21F829"},"messageTimestamp":1754390725},{"key":{"remoteJid":"6285954617963@s.whatsapp.net","fromMe":true,"id":"A4CD2873B40F302CE1BA2E8C9D66757D"},"messageTimestamp":1754390725},{"key":{"remoteJid":"6285954617963@s.whatsapp.net","fromMe":true,"id":"1F465CD93863DF13B5CFC246301FC91C"},"messageTimestamp":1754390726}],"nextPreKeyId":31,"firstUnuploadedPreKeyId":31,"accountSyncCounter":1,"accountSettings":{"unarchiveChats":false},"registered":false,"account":{"details":"CPe87e4DEMDBx8QGGAIgACgA","accountSignatureKey":"P7CiPnJJF7SUhzz8FPfPURfS6rc8Ex74cb7yF495vy8=","accountSignature":"VARO1238lYQmeZW1gspZI1eEYbyulrTvNt+n1Va26/h3yspjyGAtZuYZ8FPMQvTOGzw4cGENEZ70KlesAVxzCQ==","deviceSignature":"5+Yphx9XpxRB3gMEKLz3sgeXISzMgjJ6l18EzzjevIkrpODPmx9MykrWLzMYM6GeqeL/Lr9g2Bhbgy6wtWviiw=="},"me":{"id":"6285954617963:2@s.whatsapp.net","lid":"118640603091122:2@lid","name":"Ilham Fadil"},"signalIdentities":[{"identifier":{"name":"6285954617963:2@s.whatsapp.net","deviceId":0},"identifierKey":{"type":"Buffer","data":"BT+woj5ySRe0lIc8/BT3z1EX0uq3PBMe+HG+8hePeb8v"}}],"platform":"android","routingInfo":{"type":"Buffer","data":"CBIICA=="},"lastAccountSyncTimestamp":1754391050,"myAppStateKeyId":"AAAAAEQ/","lastPropHash":"3R9Z39"}