{"_sessions":{"BQc8U62Op7y36LCJTceYX52o2REYlidbJ2SmlkdzcFAe":{"registrationId":71,"currentRatchet":{"ephemeralKeyPair":{"pubKey":"BfuggBc0HYUGEzn0MIek+zcN41fLUBMLlggM06J7fG0C","privKey":"aI1F6LUcGpjR5UPSctknnOsYFWzEKKjb9xSG5TYKw3Y="},"lastRemoteEphemeralKey":"Bc/75srqk9HRWtrVPmaqAn2J/ITlTjCv5mvNbdwcvfkm","previousCounter":0,"rootKey":"uc6CEFY8AqBIIQVMuwy6mho4wv35x1ddY32PvdXlXBQ="},"indexInfo":{"baseKey":"BQc8U62Op7y36LCJTceYX52o2REYlidbJ2SmlkdzcFAe","baseKeyType":1,"closed":-1,"used":1754390739424,"created":1754390739424,"remoteIdentityKey":"BTRvHfb8zgB+bJa03bw72Dv2t9VUUxoo+E1Pe6bUVMAb"},"_chains":{"BfuggBc0HYUGEzn0MIek+zcN41fLUBMLlggM06J7fG0C":{"chainKey":{"counter":6,"key":"NJlTZ4rMq8zOSA7h0Qdshkk3Ukr8DivNIv53Lb4E9hE="},"chainType":1,"messageKeys":{}}},"pendingPreKey":{"signedKeyId":1,"baseKey":"BQc8U62Op7y36LCJTceYX52o2REYlidbJ2SmlkdzcFAe","preKeyId":17}}},"version":"v1"}