{"_sessions":{"BULXNPBOlFbg4yu4MKF84zoNBv+/H69RkXXZslY7BNpj":{"registrationId":778344605,"currentRatchet":{"ephemeralKeyPair":{"pubKey":"BfBOLoPKHBCcmHvEDIWpNOSsnaRIcexTEBV7ny2gbX1h","privKey":"wB/7bpcoYqgw/W3aNB9j48ctyc+nQGoFxZP84xQBIkE="},"lastRemoteEphemeralKey":"BRf9AaUNGNRHaiiL5a7k/WYzqZCsFT5NqWeobBSdbVg7","previousCounter":0,"rootKey":"bhp1NrB/hmVCHJXJHHd59Yq68Lr8V1DJaeIyChqaejA="},"indexInfo":{"baseKey":"BULXNPBOlFbg4yu4MKF84zoNBv+/H69RkXXZslY7BNpj","baseKeyType":2,"closed":-1,"used":1754391385095,"created":1754390738218,"remoteIdentityKey":"BcEsYBYXwQWns9QZC8OHq9i484QpljFg4Rs/QvXhNwIh"},"_chains":{"BbUS+ARQ17zzXszGpJd7XZpKRfIYuiGWEJCcnrzZmlke":{"chainKey":{"counter":0},"chainType":2,"messageKeys":{}},"BdXKRanWuL+E2ZL4C25uUvhyb1SSNn5sHrtfz56F30Na":{"chainKey":{"counter":0},"chainType":2,"messageKeys":{}},"BZQwGqWJeF0yNnza+0xz385Yq1q3kYI0Bt6HjpMLckNn":{"chainKey":{"counter":0},"chainType":2,"messageKeys":{}},"BbIRztk7C91P4BNKAmXDlTDcw9gSZ+FfgD2tPyIjCFQH":{"chainKey":{"counter":0},"chainType":2,"messageKeys":{}},"BU13wipFnG0bRBh8kqHlZpOuUJhUc1Oxu8PBq14nB3ws":{"chainKey":{"counter":0},"chainType":2,"messageKeys":{}},"BfCtsq1xy5o3S8fCIlKCivBlEkopywszVPUwogeOEn5k":{"chainKey":{"counter":0},"chainType":2,"messageKeys":{}},"BRf9AaUNGNRHaiiL5a7k/WYzqZCsFT5NqWeobBSdbVg7":{"chainKey":{"counter":0,"key":"TTa5i96zXve/FZyEepICWWbn4RVTinqRNcQ3JonPQ+4="},"chainType":2,"messageKeys":{}},"BfBOLoPKHBCcmHvEDIWpNOSsnaRIcexTEBV7ny2gbX1h":{"chainKey":{"counter":0,"key":"m9ZIIg6xo9/6P18z85xXmtYtDvqZqkIfC3wn2xVWaGs="},"chainType":1,"messageKeys":{}}}}},"version":"v1"}