{"_sessions":{"BQsnByvL9bpekXbD1tp52MW2H7cxI9FLG5hBGwUbarAJ":{"registrationId":1863423483,"currentRatchet":{"ephemeralKeyPair":{"pubKey":"BXzgFWTwwyg0tcJgOO9H9imJpmh1czWas5mEf4F9uY1b","privKey":"2K+guGNZiROqrPcRGvOKnRzwPeCFVM+VIpu7Qdly+nE="},"lastRemoteEphemeralKey":"Bf2Dh5hMYO/MqGB0VV1plFYygcOyGfoGY5o99ck4D0gF","previousCounter":0,"rootKey":"RBRHuYmIPsSbevzp0SMBlAD5brqdjdyQohIpB2lVrmE="},"indexInfo":{"baseKey":"BQsnByvL9bpekXbD1tp52MW2H7cxI9FLG5hBGwUbarAJ","baseKeyType":2,"closed":-1,"used":1754390725439,"created":1754390725439,"remoteIdentityKey":"BT+woj5ySRe0lIc8/BT3z1EX0uq3PBMe+HG+8hePeb8v"},"_chains":{"Bf2Dh5hMYO/MqGB0VV1plFYygcOyGfoGY5o99ck4D0gF":{"chainKey":{"counter":6,"key":"Zz0mTEq/IxMNhiw+hBYRMrzO9jlsFtrbn9HFMleJt54="},"chainType":2,"messageKeys":{}},"BXzgFWTwwyg0tcJgOO9H9imJpmh1czWas5mEf4F9uY1b":{"chainKey":{"counter":6,"key":"2YEXFKS4IW3i186aH8555F/ezJv80QrcQnfr91KKuh0="},"chainType":1,"messageKeys":{}}}}},"version":"v1"}