[
  {
    "kode": "H7E7FWP3E",
    "status": "Used"
  },
  {
    "kode": "HRTQWCSCK",
    "status": "Used"
  },
  {
    "kode": "34YEVEUNJ",
    "status": "Used"
  },
  {
    "kode": "K3W7JD9WW",
    "status": "Used"
  },
  {
    "kode": "7WMNPACXL",
    "status": "Pending"
  },
  {
    "kode": "CV4FHUF7T",
    "status": "Elig"
  },
  {
    "kode": "CX7YT9PEC",
    "status": "Elig"
  },
  {
    "kode": "FRUVKDD4K",
    "status": "Elig"
  },
  {
    "kode": "HRTQWC9CK",
    "status": "Elig"
  },
  {
    "kode": "H7E7FWP3E",
    "status": "Elig"
  },
  {
    "kode": "DNJF3PXVC",
    "status": "Elig"
  },
  {
    "kode": "P3MRWFTAJ",
    "status": "Pending"
  },
  {
    "kode": "LDCKMU9MC",
    "status": "Elig"
  },
  {
    "kode": "HYCUEJLY9",
    "status": "Elig"
  },
  {
    "kode": "A79T3UUWT",
    "status": "Pending"
  }
]